Job Title,Source URL,Votes
PinePhone Manjaro Community Edition,https://www.pine64.org/2020/08/31/pinephone-manjaro-community-edition/,67 points
Italian Ruby,https://github.com/Pluvie/italian-ruby,41 points
"Google, the Stupidity Amplifier (2012)",http://www.gregegan.net/ESSAYS/GOOGLE/Google.html,90 points
Do we really travel through time with the speed of light?,https://backreaction.blogspot.com/2020/08/do-we-really-travel-through-time-with.html,183 points
Analysis of Today's CenturyLink/Level(3) Outage,https://blog.cloudflare.com/analysis-of-todays-centurylink-level-3-outage/,142 points
"The basic dramatic situations, according to 1919 manual for screenwriters",http://www.openculture.com/2020/08/37-possible-stories.html,21 points
Unusual Maps,https://www.edwardtufte.com/bboard/q-and-a-fetch-msg?msg_id=0002yI,52 points
Why are there 5280 feet in a mile?,https://petersmagnusson.org/2009/09/15/why-are-there-5280-feet-in-a-mile/,184 points
Sled Theoretical Performance Guide,http://sled.rs/perf.html,3 points
Sum Types in Julia and Rust,https://andreaskroepelin.de/blog/sum_types/,72 points
An Argument for Race Abolitionism (2020),https://www.spiked-online.com/2020/08/04/we-need-to-abolish-race/,8 points
Why Smalltalk Has Failed,https://gbracha.blogspot.com/2020/05/bits-of-history-words-of-advice.html?m=1,8 points
Drug cartel assassinates its enemies with bomb-toting drones,https://www.thedrive.com/the-war-zone/36013/mexican-drug-cartel-now-assassinating-its-enemies-with-improvised-explosive-toting-drones,197 points
Ubuntu 20.04’s zsys adds ZFS snapshots to package management,https://arstechnica.com/gadgets/2020/03/ubuntu-20-04s-zsys-adds-zfs-snapshots-to-package-management/,31 points
The Easy Ones – Three Bugs Hiding in the Open,https://randomascii.wordpress.com/2020/08/30/the-easy-ones-three-bugs-hiding-in-the-open/,25 points
"Banks create money, but it's less impressive than it sounds",https://www.attejuvonen.fi/money-out-of-thin-air/,145 points
We Replaced an SSD with Storage Class Memory,https://engineering.mongodb.com/post/we-replaced-an-ssd-with-storage-class-memory-here-is-what-we-learned,71 points
Visualizing TSNE Maps with Three.js,https://douglasduhaime.com/posts/visualizing-tsne-maps-with-three-js.html,24 points
What Shell Am I Using?,https://nil.wallyjones.com/what-shell-am-i-using/,97 points
K-Stash: A search engine for your useful links – for devs and researchers,https://k-stash.com,47 points
Level 3 Global Outage,https://puck.nether.net/pipermail/outages/2020-August/013187.html,883 points
How to Write Unmaintainable Code (2003),https://github.com/Droogans/unmaintainable-code/blob/master/README.md,142 points
Pinterest pays $89.5M to terminate San Francisco office lease,https://www.sfgate.com/business/article/Pinterest-terminate-SF-office-lease-88-Bluxome-15525421.php,10 points
Converting Boolean-Logic Decision Trees to Finite State Machines,https://medium.com/analytics-vidhya/converting-boolean-logic-decision-trees-to-finite-state-machines-180ad195abf2,25 points
Don't Get Stuck,https://stitcher.io/blog/dont-get-stuck,24 points
"Show HN: Learn how WebRTC actually works. A book on the protocols, not just APIs",https://webrtcforthecurious.com/,576 points
Players are fixing Microsoft Flight Simulator’s monuments with Google Maps,https://www.rockpapershotgun.com/2020/08/28/players-are-fixing-microsoft-flight-simulators-missing-monuments-with-google-maps/,287 points
Win “Active Hours” underscores how you’re not in control of your devices (2016),https://www.ctrl.blog/entry/windows-active-hours.html,41 points
Yml Coding,https://cloud.google.com/workflows/docs/reference/syntax,85 points
A terminal-based presentation tool with colors and effects,https://github.com/vinayak-mehta/present,312 points
High-tech tracking reveals ‘secret world of birds’,https://www.smithsonianmag.com/smithsonian-institution/high-tech-tracking-reveals-birds-movement-beyond-migration-180975673/,23 points
An overview of the science on function length,https://softwarebyscience.com/very-short-functions-are-a-code-smell-an-overview-of-the-science-on-function-length/,37 points
Writing a Lisp to x86-64 compiler,item?id=24328998,39 points
Essentials of Programming Languages,http://eopl3.com/,203 points
Show HN: Vimac – Productive macOS keyboard-driven navigation,http://vimacapp.com,337 points
The Legend of GayBlade,https://blog.archive.org/2020/08/28/the-legend-of-gayblade/,198 points
Waiting for Gödel (2016),https://www.newyorker.com/tech/annals-of-technology/waiting-for-godel,23 points
American Academy of Sleep Medicine calls for elimination of daylight saving time,https://aasm.org/american-academy-of-sleep-medicine-calls-for-elimination-of-daylight-saving-time/,1555 points
'swapping bodies' with a friend changes our sense of self,https://www.sciencedaily.com/releases/2020/08/200826110322.htm,4 points
I thought I would have accomplished a lot more today and also before I was 35,https://www.newyorker.com/humor/daily-shouts/i-thought-i-would-have-accomplished-a-lot-more-today-and-also-by-the-time-i-was-thirty-five,1308 points
Python daemon ate my syslog message,http://prgmr.com/blog/2020/08/29/python-ate-my-log-message.html,8 points
"FB Executive Supported India’s Modi, Disparaged Opp. In Internal Messages",https://www.wsj.com/articles/facebook-executive-supported-indias-modi-disparaged-opposition-in-internal-messages-11598809348,40 points
Meeting lengths are changing during coronavirus remote work,https://www.fastcompany.com/90543500/one-thing-that-the-pandemic-could-be-changing-meeting-lengths,23 points
"After 48 years, Democrats endorse nuclear energy in platform",https://www.forbes.com/sites/robertbryce/2020/08/23/after-48-years-democrats-endorse-nuclear-energy-in-platform/#3c7687df5829,473 points
Is macOS Becoming Unmaintainable?,https://eclecticlight.co/2020/08/30/last-week-on-my-mac-is-macos-becoming-unmaintainable/,147 points
The Recursive Universe,http://www.amandaghassaei.com/blog/2020/05/01/the-recursive-universe/,212 points
Frank Ramsey: A more human philosophy,https://www.the-tls.co.uk/articles/frank-ramsey-a-more-human-philosophy/,35 points
Multi-Tenant Architectures,https://blog.codonomics.com/2020/08/multi-tenant-architectures.html,160 points
All Circuits Are Busy Now: The 1990 AT&T Long Distance Network Collapse (1995),https://users.csc.calpoly.edu/~jdalbey/SWE/Papers/att_collapse,122 points
Low-level details of the Zen 2 microarchitecture [pdf],https://www.agner.org/optimize/microarchitecture.pdf,158 points
Alarm as FDA willing to issue Covid-19 vaccine before stringent safety testing,https://mindhive.org/challenges/1273/overview/brief,31 points
How to Read a Log Scale,https://blog.datawrapper.de/weeklychart-logscale/,122 points
Apple Terminates Epic Games' Developer Account,https://www.macrumors.com/2020/08/28/apple-terminates-epic-games-developer-account/,1149 points
"Git Sucks, What Am I Doing Wrong?",item?id=24329396,8 points
New 50-metre deep crater opens up in Arctic tundra,http://siberiantimes.com/other/others/news/giant-new-50-metre-deep-crater-opens-up-in-arctic-tundra/,290 points
The Crazy-Tiny Next Generation of Computers (2015),https://medium.com/backchannel/the-crazy-tiny-next-generation-of-computers-17e89e472839,26 points
The “menu engineers” who optimize restaurant revenue,https://thehustle.co/meet-the-menu-engineers-helping-restaurants-retool-during-the-pandemic/,203 points
Tower Defense with a twist: all towers must be positioned with CSS Flexbox,http://www.flexboxdefense.com/,443 points
Tesla’s former CTO is building a giant lithium-ion battery recycling operation,https://www.wsj.com/articles/one-of-the-brains-behind-tesla-found-a-new-way-to-make-electric-cars-cheaper-11598673630,409 points
An interesting mistake with Go's context package,https://utcc.utoronto.ca/~cks/space/blog/programming/GoContextValueMistake,65 points
Tech my dad banned in our house when I was a kid,https://gizmodo.com/the-tech-my-dad-banned-from-our-house-1844777825,130 points
The Unexpected Elegance of Irrigation Systems from Above,https://www.atlasobscura.com/articles/why-do-farms-look-like-circles-from-planes,84 points
Longevity FAQ: A beginner's guide to longevity research,https://www.ldeming.com/longevityfaq,242 points
Physicists found a new quantum paradox that casts doubt on a pillar of reality,https://www.sciencealert.com/a-new-quantum-paradox-throws-the-foundations-of-observed-reality-into-question,179 points
Literate DevOps,http://www.howardism.org/Technical/Emacs/literate-devops.html,168 points
The rise and fall of the industrial R&D lab,https://worksinprogress.co/issue/the-rise-and-fall-of-the-american-rd-lab/,140 points
Remote Code Execution in Slack desktop apps,https://hackerone.com/reports/783877,500 points
Albanian Civil War,https://en.wikipedia.org/wiki/Albanian_Civil_War,66 points
Horcrux Encrypted Messaging,https://www.notion.so/Horcrux-Encrypted-Messaging-78af0a3f326244ebb0aedff7c298953d,73 points
Using the Linux kernel's Case-insensitive feature in Ext4,https://www.collabora.com/news-and-blog/blog/2020/08/27/using-the-linux-kernel-case-insensitive-feature-in-ext4/,59 points
"Neurophilosopher argues morality is rooted in brain science, not reason",https://www.cbc.ca/radio/ideas/neurophilosopher-argues-morality-is-rooted-in-brain-science-not-reason-1.5470360,20 points
TSMC Builds a Dedicated 28nm Fab for Sony Orders,http://image-sensors-world.blogspot.com/2020/07/tsmc-builds-dedicated-28nm-fab-for-sony.html?m=1,98 points
I Compiled NASA‘s Workmanship Standards into a Single PDF,https://archive.org/details/nasa-workmanship-standards,278 points
Exploring mullender.c – A deep dive into the first IOCCC winner,https://lainsystems.com/posts/exploring-mullender-dot-c/,149 points
Apple doesn't let you disclose their 30% IAP fee to your customers,https://twitter.com/getify/status/1299569045348454401,285 points
Ask HN: How does your data science or machine learning team handle DevOps?,item?id=24323778,79 points
Marpa will parse anything that can be written in BNF,http://savage.net.au/Marpa.html,32 points
Secrets of Elite College Admissions,https://www.wsj.com/articles/the-secrets-of-elite-college-admissions-11598626784,46 points
Show HN: A CSS file that reshapes the web,https://github.com/propjockey/augmented-ui,8 points
Deep Dive into PHP 8's JIT,https://thephp.website/en/issue/php-8-jit/,97 points
Pleroma 2.1,https://pleroma.social/blog/2020/08/28/releasing-pleroma-2-1-0/,64 points
The Internet explained from first principles,https://explained-from-first-principles.com/internet/,8 points
Metcalf Sniper Attack,https://en.wikipedia.org/wiki/Metcalf_sniper_attack,206 points
Matplot++ – A Plotting Tool for C++,https://github.com/alandefreitas/matplotplusplus,134 points
Optical Tweezers,https://en.wikipedia.org/wiki/Optical_tweezers,34 points
OpenMath,https://www.openmath.org/about/,28 points
We Know How to Prevent Megafires,https://www.propublica.org/article/they-know-how-to-prevent-megafires-why-wont-anybody-listen/,167 points
"Great Courses, Great Profits – A Curriculum in Human Thought",https://www.city-journal.org/html/great-courses-great-profits-13393.html,27 points
TiDB: A Raft-based HTAP Database [pdf],http://www.vldb.org/pvldb/vol13/p3072-huang.pdf,48 points
Barbados introduces plan to allow visitors to work remotely there for a year,https://money.yahoo.com/barbabos-introduces-plan-to-allow-visitors-to-work-remotely-there-for-a-year-192734193.html,180 points
Flexport is hiring employees all over the world,https://www.flexport.com/careers,76 points
The Door Problem (2014),http://www.lizengland.com/blog/2014/04/the-door-problem/,112 points
First complete dinosaur skeleton ever found has finally been studied in detail,https://phys.org/news/2020-08-dinosaur-skeleton-ready-closeup.html,34 points
Nagara Rimba Nusa: A Take on Indonesia's New Capital City,https://community.simtropolis.com/forums/topic/758733-nagara-rimba-nusa-a-take-on-a-new-capital-city/,19 points
The danger from climate change no longer outweighs risks of nuclear accidents,https://www.washingtonpost.com/outlook/i-oversaw-the-us-nuclear-power-industry-now-i-think-it-should-be-banned/2019/05/16/a3b8be52-71db-11e9-9eb4-0828f5389013_story.html,143 points
A 189 Year Old Limitation on Inductor Size Has Been Broken (2018),https://medium.com/starts-with-a-bang/the-last-barrier-to-ultra-miniaturized-electronics-is-broken-thanks-to-a-new-type-of-inductor-eb5c1a2c7460,9 points
Ask HN: Older friends being targeted by Google ads for funerals and cemeteries?,item?id=24327975,4 points
Getting started with automatic differentiation in Julia with Zygote – train XOR,https://medium.com/sorta-sota/learning-xor-with-julia-and-zygote-16003f171ae0,488 points
Intel's “cripple AMD” function (2019),https://www.agner.org/forum/viewtopic.php?f=1&t=6,146 points
Open Source Thinkpad T420 Battery Design,https://github.com/iam4722202468/ThinkpadBattery,128 points
SC-IM – An ncurses spreadsheet program for the terminal,https://github.com/andmarti1424/sc-im,36 points
Big Oil Is in Trouble. Its Plan: Flood Africa with Plastic,https://www.nytimes.com/2020/08/30/climate/oil-kenya-africa-plastics-trade.html,129 points
Asciimatics – create full-screen text UIs on any platform,https://github.com/peterbrittain/asciimatics,166 points
Monarch: Google’s Planet-Scale In-Memory Time Series Database [pdf],http://www.vldb.org/pvldb/vol13/p3181-adams.pdf,83 points
Ranger: A console file manager with VI key bindings,https://github.com/ranger/ranger,341 points
Netflix is now doing per-shot encoding for UHD content,https://netflixtechblog.com/optimized-shot-based-encodes-for-4k-now-streaming-47b516b10bbb,66 points
Ask HN: Has anyone built a SaaS for local municipalities?,item?id=24314274,20 points
Guaranteed Optimization: Proving Nullspace Properties of Compilers (2002),https://help.luddy.indiana.edu/techreports/TRNNN.cgi?trnum=TR564,198 points
Sendgrid under siege from hacked accounts,https://krebsonsecurity.com/2020/08/sendgrid-under-siege-from-hacked-accounts/,501 points
Show HN: Visualize Data Structures in VS Code,https://github.com/hediet/vscode-debug-visualizer/tree/master/extension,117 points
Engineer admits he wiped 456 Cisco WebEx VMs from AWS after leaving,https://www.theregister.com/2020/08/26/former_cisco_engineer_aws_webex_teams/,337 points
Life Is Short (2016),http://paulgraham.com/vb.html,190 points
"Pinterest cancels office lease in unbuilt project, citing work-from-home shift",https://www.sfchronicle.com/business/article/Pinterest-cancels-huge-SF-office-lease-in-unbuilt-15523170.php,200 points
DearPyGui,https://github.com/hoffstadt/DearPyGui,145 points
Lord of the Manor: a medieval city builder game,http://www.lordofthemanor.io/,1310 points
Google is apparently taking down all/most Fediverse apps from the Play Store,https://qoto.org/@freemo/104765288863293481,88 points
Photoreal Roman Emperor Project,https://medium.com/@voshart/photoreal-roman-emperor-project-236be7f06c8f,25 points
Vim Adventures – Learn Vim While Playing a Game,https://vim-adventures.com/,238 points
Malloc Geiger Counter,https://github.com/laserallan/malloc_geiger,99 points
Guide to Rustc Development,https://rustc-dev-guide.rust-lang.org/,98 points
Concurrent Pascal-S,http://pascal.hansotten.com/niklaus-wirth/pascal-s/pascal-s-copascal/,5 points
"Emoji simulator – a tool to make cellular automata, with emoji",https://ncase.me/sim/,139 points
Design Tip: Never Use Black (2012),https://ianstormtaylor.com/design-tip-never-use-black/,157 points
Don't trust default timeouts,https://robertovitillo.com/default-timeouts/,137 points
Powell’s says it won’t sell books on Amazon anymore,https://www.oregonlive.com/silicon-forest/2020/08/powells-says-it-wont-sell-books-on-amazon-anymore-we-must-take-a-stand.html,308 points
WebBundles are built for content-addressable networks,https://adlrocha.substack.com/p/adlrocha-webbundles-are-built-for,70 points
"Ham radio is not dying, it's evolving",http://k0lwc.com/ham-radio-is-dying-no-its-not-its-evolving/,306 points
Nascar: The Science of Racing Safely,https://physicsworld.com/a/nascar-the-science-of-racing-safely/,11 points
Game Design Curriculum,https://www.riotgames.com/en/urf-academy/curriculum-guide,260 points
How to Eliminate Render-Blocking Resources (JavaScript and CSS) in WordPress,https://qodeinteractive.com/magazine/eliminate-render-blocking-resources/,3 points
The Early History of Smalltalk,http://worrydream.com/EarlyHistoryOfSmalltalk/,13 points
Windows new feature: Access your Android phone’s apps directly from your PC,https://blogs.windows.com/windows-insider/2020/08/05/announcing-windows-10-insider-preview-build-20185/,57 points
Surprising new feature in AMD Ryzen 3000,https://www.agner.org/forum/viewtopic.php?t=41,408 points
Airbnb Has a Hidden-Camera Problem (2019),https://www.theatlantic.com/technology/archive/2019/03/what-happens-when-you-find-cameras-your-airbnb/585007/,72 points
The Node Is Nonsense: Better ways to measure progress than Moore's law [pdf],https://www.gwern.net/docs/cs/2020-moore.pdf,70 points
Inventing Monads,https://stopa.io/post/247,123 points
"Mercedes Barcha, 1932-2020",https://www.ft.com/content/4f9872c5-2132-4db3-b81c-b60da01655ce,11 points
How many people died at Hiroshima and Nagasaki?,http://blog.nuclearsecrecy.com/2020/08/04/how-many-people-died-at-hiroshima-and-nagasaki/,3 points
So you want to roll your own crypto?,https://vnhacker.blogspot.com/2020/08/so-you-want-to-roll-your-own-crypto.html?m=1,179 points
Launch HN: SuperTokens (YC S20) – Securely manage session tokens,item?id=24306572,83 points
"What can 6,000 electric vehicles tell us about EV battery health?",https://www.geotab.com/blog/ev-battery-health/,106 points
"AI Assistants Have Poor Usability: Study of Alexa, Google Assistant, Siri (2018)",https://www.nngroup.com/articles/intelligent-assistant-usability/,54 points
Yield Curve,https://simplemacrodata.com/yield_curve,12 points
ArangoDB 3.7 – a big step forward for multi-model,https://www.arangodb.com/2020/08/arangodb-3-7-a-big-step-forward-for-multi-model/,111 points
Griffon: a desktop application development platform for the JVM,http://griffon-framework.org/,64 points
Babylonian Multiplication in the shower (2016),https://www.iquilezles.org/blog/?p=4582,71 points
Kazuo Ishiguro (1989),https://bombmagazine.org/articles/kazuo-ishiguro/,46 points
RFC8890: The Internet Is for End Users,https://www.mnot.net/blog/2020/08/28/for_the_users,302 points
Facebook’s ties to India’s ruling party complicate its fight against hate speech,https://time.com/5883993/india-facebook-hate-speech-bjp/,169 points
Technical Debt Doesn’t Exist,https://thehftguy.com/2020/08/26/technical-debt-doesnt-exist/,70 points
Show HN: 3D first person game rendered in CSS/HTML,https://pantel.is/projects/css3d/,282 points
She’s Got Game,https://restofworld.org/2020/you-just-got-pwned-habibi/,88 points
A broken algorithm that affected American transportation,https://www.vice.com/en_us/article/v7gxy9/the-broken-algorithm-that-poisoned-american-transportation-v27n3,71 points
Git Guide: Zero to Rebase,https://oyvn.github.io/git-zero-to-rebase,21 points
The mysterious Cold War case of unidentified aircraft descending on Loring AFB,https://www.thedrive.com/the-war-zone/35674/the-bizarre-mystery-of-unexplained-aerial-incursions-over-loring-air-force-base,126 points
Show HN: Read The Count of Monte Cristo and others in installments in your email,https://www.serialliterature.com/,219 points
We Chose a Distributed SQL Database to Complement MySQL,https://pingcap.com/case-studies/why-we-chose-a-distributed-sql-database-to-complement-mysql,62 points
Kubernetes 101,https://luminousmen.com/post/kubernetes-101,29 points
Ask HN: 3D Modeling Tools for Woodworking/Furniture?,item?id=24324345,11 points
Objective-Rust,https://belkadan.com/blog/2020/08/Objective-Rust/,205 points
Originality is not the only way,https://leveragethoughts.substack.com/p/originality-is-not-the-only-way-it,31 points
The Joy of Cryptography,http://web.engr.oregonstate.edu/~rosulekm/crypto/,180 points
Bcrypt Step-by-Step,https://qvault.io/2020/08/24/bcrypt-step-by-step/,73 points
How close are computers to automating mathematical reasoning?,https://www.quantamagazine.org/how-close-are-computers-to-automating-mathematical-reasoning-20200827/,99 points
Japan’s Entry in Flying-Car Race Takes to the Air,https://www.wsj.com/articles/japans-entry-in-flying-car-race-takes-to-the-air-11598691548,45 points
GH Archive,https://www.gharchive.org/,90 points
"A prickly patriot: Palantir’s prospectus reveals losses, promise",https://www.economist.com/business/2020/08/29/palantirs-stockmarket-prospectus-reveals-both-losses-and-promise,56 points
The tyranny of chairs: why we need better design,https://www.theguardian.com/artanddesign/2020/aug/25/the-tyranny-of-chairs,108 points
Painting a better life through side SaaS hustles,https://getmakerlog.com/stories/micah-iverson-founder-and-ceo-of-retrospect,68 points
The Mega Constellations Are Already Here. The Time for Polite Concern Is Over,https://www.forbes.com/sites/jonathanocallaghan/2020/08/28/the-mega-constellations-are-already-here-the-time-for-polite-concern-is-over/#5ae6bd0d3b87,22 points
Analysis of Today's CenturyLink/Level(3) Outage,https://blog.cloudflare.com/analysis-of-todays-centurylink-level-3-outage/,22 points
Ask HN: Best public-facing issue trackers?,item?id=24324558,9 points
Uber employees sue over stock price decline,https://www.ft.com/content/234fb83c-f3fb-4ecd-b0a1-2c4d838d660e,9 points
The Magic of Engineered Serendipity,https://www.beondeck.com/post/the-magic-of-engineered-serendipity,46 points
China censors Thomas Piketty’s book that touches on nation’s growing inequality,https://www.scmp.com/economy/china-economy/article/3099460/china-censors-thomas-pikettys-book-touches-nations-growing,4 points
The Dark Core of Personality (2018),https://blogs.scientificamerican.com/beautiful-minds/the-dark-core-of-personality/,124 points
Red: Improving Audio Quality with Redundancy,https://webrtchacks.com/red-improving-audio-quality-with-redundancy/,12 points
“Dark” Personalities Are More Likely to Signal Victimhood,https://www.psychologytoday.com/us/blog/after-service/202008/dark-personalities-are-more-likely-signal-victimhood,42 points
Redis Labs Raises $100M,https://redislabs.com/press/redis-labs-raises-100-million-series-f-financing/,154 points
tilde.town: A social network over SSH,https://tilde.town/,255 points
The Jellyfish Problem,https://www.historytoday.com/archive/natural-histories/jellyfish-problem,40 points
GoodRx S-1,https://www.sec.gov/Archives/edgar/data/1809519/000119312520234662/d949310ds1.htm,141 points
Asana co-founder Dustin Moskovitz exclusive interview,https://www.forbes.com/sites/alexkonrad/2020/08/26/asana-facebook-cofounder-dustin-moskovitz-slow-burn-second-act/#33e27ae37adc,22 points
Apple blocks Facebook update that called out 30-percent App Store ‘tax’,https://www.theverge.com/2020/8/28/21405140/apple-rejects-facebook-update-30-percent-cut,230 points
GNU/Linux Smartphone Librem 5 Evergreen Update: Mold and Milestones,https://puri.sm/posts/librem-5-evergreen-update-mold-and-milestones/,134 points
Is Cyberpunk Dead? A Conversation with Bruce Bethke,https://www.markeverglade.com/iscyberpunkdead,146 points
A Command Line vs. GUI Meeting,https://gravitational.com/blog/command-line-vs-gui/,43 points
Facebook isn’t happy about Apple’s upcoming ad tracking restrictions,https://techcrunch.com/2020/08/27/facebook-vs-apple-ad-tracking/,114 points
Surge in South Korea coronavirus cases sparks hospital bed shortage concerns,https://www.reuters.com/article/us-health-coronavirus-southkorea/surge-in-south-korea-coronavirus-cases-sparks-hospital-bed-shortage-concerns-idUSKBN25P08X,24 points
MIT's 'Implosion Fabrication' Shrinks Objects to Create Nanoscale Versions,https://www.extremetech.com/extreme/282534-mits-implosion-fabrication-shrinks-objects-to-create-nanoscale-versions,7 points
China Just Called Trump's Bluff on TikTok,https://www.bloomberg.com/opinion/articles/2020-08-31/china-calls-trump-s-bluff-on-tiktok-putting-u-s-deal-at-risk,8 points
Safari adopts the Chrome/Firefox extension model,https://developer.apple.com/news/?id=kuswih5l,440 points
Winklevoss 500k Bitcoin Argument,https://winklevosscapital.com/the-case-for-500k-bitcoin/,62 points
Using machine learning to detect deficient coverage in colonoscopy screenings,https://ai.googleblog.com/2020/08/using-machine-learning-to-detect.html,54 points
Zoom is now critical infrastructure – that’s a concern,https://www.brookings.edu/blog/techtank/2020/08/27/zoom-is-now-critical-infrastructure-thats-a-concern/,314 points
Building storage-first serverless apps with HTTP APIs service integrations,https://aws.amazon.com/blogs/compute/building-storage-first-applications-with-http-apis-service-integrations/,40 points
Writing math papers in pre-LaTeX era (2010),https://mathoverflow.net/questions/19930/writing-papers-in-pre-latex-era,41 points
WebAssembly Is Not a Stack Machine (2019),http://troubles.md/wasm-is-not-a-stack-machine/,66 points
OCaml Workshop 2020 Online Conference is live now,https://discuss.ocaml.org/t/ocaml-workshop-2020-online-conference-is-live-now/6287/9?u=mseri,162 points
"Now you C me, now you don't",https://securitylab.github.com/research/now-you-c-me,67 points
"MicroCOVID Project, Micromorts but for Covid",https://www.microcovid.org/calculator,16 points
Ergodicity Economics: A Primer,https://jasoncollins.blog/2020/01/22/ergodicity-economics-a-primer/,17 points
GCHQ CyberChef: The Cyber Swiss Army Knife,https://github.com/gchq/cyberchef,9 points
Show HN: Healthcare Is Dumb,https://healthcareisdumb.com/,424 points
Super Tux Kart – Linux racing game,https://supertuxkart.net/,144 points
Svxlink: Advanced repeater controller and Echolink software for Linux,https://github.com/sm0svx/svxlink,47 points
JS8Call – weak signal communication on HF with a keyboard-to-keyboard interface,http://js8call.com,28 points
Graphtage: A New Semantic Diffing Tool,https://blog.trailofbits.com/2020/08/28/graphtage/,102 points
Chainalysis in Action: Justice Dept Demands Forfeiture of 280 Crypto Addresses,https://blog.chainalysis.com/reports/lazarus-group-north-korea-doj-complaint-august-2020,42 points
Ex-Neuralink employees describe rushed timelines clashing with science’s pace,https://www.dailymail.co.uk/sciencetech/article-8662975/Elon-Musks-brain-chip-Neuralink-plagued-turmoil-rushed-timelines-former-employees-claim.html,80 points
"Show HN: I built a simple, reliable, and affordable brand monitoring service",https://brandchirps.com/?#,14 points
Colorblind travelers can take in fall's true colors with special new lenses,https://www.washingtonpost.com/travel/2020/08/28/colorblind-travelers-can-take-true-colors-fall-thanks-these-viewfinders/,6 points
Self-driving cars learn to read the body language of people on the street,https://spectrum.ieee.org/transportation/self-driving/selfdriving-cars-learn-to-read-the-body-language-of-people-on-the-street,21 points
The Ekranoplan Is Stranded Off a Beach,https://www.popularmechanics.com/military/aviation/a33808381/russia-ekranoplan-plane-boat-wrecked/,62 points
Dots don't matter in Gmail addresses,https://support.google.com/mail/answer/7436150?hl=en,168 points
Squad Wealth,https://otherinter.net/squad-wealth/,93 points
Firefox 80 and my confusion over its hardware accelerated video on Linux,https://utcc.utoronto.ca/~cks/space/blog/web/Firefox80VideoAccelConfusion,115 points
Facebook Quietly Ends Racial Ad Profiling – Revue,https://www.getrevue.co/profile/themarkup/issues/facebook-quietly-ends-racial-ad-profiling-269635,13 points
Samsung’s new PCI 4 drives – up to 7000 MB/s,https://www.samsung.com/sg/memory-storage/980-pro-nvme-m2-ssd/MZ-V8P1T0BW/?AID=11497444&PID=100062835&SID=31026X886738X024c141f52e720be4447480579eb3829&CID=afl-ecomm-cjn-cha-092118-&cjevent=2fc6ca3feada11ea8182017e0a1c0e0e&utm_source=11497444&utm_medium=100062835&utm_campaign=31026X886738X024c141f52e720be4447480579eb3829,10 points
Boeing yanks eight 787s from service over structural issue,https://theaircurrent.com/aviation-safety/boeing-pulls-eight-787s-from-service-over-structural-issue/,188 points
Lithium ranked the highest performance web application platform,https://www.techempower.com/benchmarks/#section=test&runid=57b25c85-082a-4013-b572-b0939006eaff&hw=ph&test=composite&a=2,96 points
Every single step I took to get my side project to $1k/month,https://bookmarkos.com/growing-side-project-1k-month/,110 points
"If consumer confidence is so low, why is spending rising during the pandemic?",https://www.bloomberg.com/news/newsletters/2020-08-30/if-consumer-confidence-is-so-low-why-is-spending-rising-during-the-pandemic,7 points
Parsing: A Timeline (2014),http://blogs.perl.org/users/jeffrey_kegler/2014/09/parsing-a-timeline.html,15 points
Tell HN: Check medium's localstorage if you use adblock,item?id=24310778,351 points
Bug in OpenSSH / Config Checker,https://puffy.nolink.ch/posts/bug_in_sshd/,29 points
Venture capital firms to include “diversity riders” in term sheets,https://www.axios.com/venture-capital-firms-diversity-riders-cap-tables-f196b011-0559-4f00-a026-3b2618c6268c.html,32 points
Hartree-Fock on a superconducting qubit quantum computer,https://science.sciencemag.org/content/369/6507/1084,42 points
How to Pick a Quack: Data,https://www.overcomingbias.com/2020/08/how-to-pick-a-quack.html,18 points
Ethereum Is a Dark Forest,https://medium.com/@danrobinson/ethereum-is-a-dark-forest-ecc5f0505dff,545 points
Tesla releases new software update to visually detect speed limit signs,https://electrek.co/2020/08/29/tesla-software-update-visually-detect-speed-limit-signs/,5 points
Covid Is Accelerating a Global Censorship Crisis,https://www.wired.com/story/opinion-covid-is-accelerating-a-global-censorship-crisis/,6 points
"Generating nice callgraphs, part II",https://yurichev.com/news/20200823_callgraphs2/,5 points
"Testing a $1300 120,000lm water-cooled LED",https://www.youtube.com/watch?v=bBV-1VNWscA,40 points
Why I don't give .edu discounts,https://questinglog.com/why-I-dont-give-edu-discounts/,49 points
Why Australia buried 23 F-111s after the aircraft’s retirement,https://theaviationgeekclub.com/heres-why-australia-buried-23-f-111s-after-the-aircrafts-retirement/,20 points
Step-by-Step Centralized Authentication for K8s with Keycloak and Ambassador,https://blog.getambassador.io/centralized-authentication-with-keycloak-and-ambassador-edge-stack-d509ffbc7b6f,24 points
Using Microsoft Word with Git,https://blog.martinfenner.org/2014/08/25/using-microsoft-word-with-git/,215 points
How to Fix Gimbal Lock in N-Dimensions,https://medium.com/swlh/how-to-fix-gimbal-lock-in-n-dimensions-f2f7baec2b5e,65 points
Vitamin C levels in patients with SARS-CoV-2-associated ARDS,https://ccforum.biomedcentral.com/articles/10.1186/s13054-020-03249-y,23 points
"CenturyLink routing issue led to outages on Hulu, Steam, Discord, more",https://www.bleepingcomputer.com/news/technology/centurylink-routing-issue-led-to-outages-on-hulu-steam-discord-more/,9 points
Ask HN: What feeds do you follow every day?,item?id=24324628,6 points
Why Understanding Beats Knowledge,https://swizec.com/blog/why-understanding-beats-knowledge/,65 points
Using MicroCOVIDs to Quantify Your Covid Risk,https://www.microcovid.org/,23 points
What Zeno’s paradoxes can tell us about the hard problem of consciousness,https://www.bernardokastrup.com/2020/08/the-hare-overtaking-tortoise-is-no.html,6 points
We need better evidence on non-drug interventions for Covid-19,https://blogs.bmj.com/bmj/2020/08/28/margaret-mccartney-we-need-better-evidence-on-non-drug-interventions-for-covid-19/,7 points
"Show HN: I got bombarded with ads by note sharing sites, so I created this in 1d",https://nnote.cc,8 points
Neuralink Progress Update [video],https://www.youtube.com/watch?v=DVvmgjBL74w&hn=1,275 points
Who needs a case? The 3D Printed Mil-Plastic is here,https://back7.co/home/back7co-mil-plastic,100 points
Germany eyes a four-day week to help prevent mass layoffs,https://www.weforum.org/agenda/2020/08/germany-four-day-week-industry-covid-19/,60 points
China is now blocking all language editions of Wikipedia (2019),https://ooni.org/post/2019-china-wikipedia-blocking/,31 points
One Year with ThinkPad and Linux (From MacBook Pro),https://drikerf.com/one-year-with-thinkpad-and-linux-from-macbook-pro/,275 points
Tarpn: Terrestrial Amateur Radio Packet Network,http://tarpn.net/t/packet_radio_networking.html,20 points
"Why I’m Willing to Pay a Premium for Security, Privacy, and Peace of Mind",https://tirania.org/blog/archive/2020/Aug-28.html,120 points
100 years to solve an integral: The history of the Mercator map,https://liorsinai.github.io/mathematics/2020/08/27/secant-mercator.html,77 points
Ask HN: Simplest way to add paid subscription plan to my webapp?,item?id=24323879,5 points
Testing Database Transactions in Go,https://marvinblum.de/blog/testing-database-transactions-in-go-jEaOGXravM,93 points
"In defense of the IPO, and how to improve it",https://a16z.com/2020/08/28/in-defense-of-the-ipo/,71 points
"It's the programming environment, not the programming language",https://thesephist.com/posts/programming-environment/,12 points
Lenovo Starts Offering Up Fedora Linux Pre-Loaded Systems from Their Web Store,https://www.phoronix.com/scan.php?page=news_item&px=Lenovo-Fedora-Starts-Sale,36 points
1+2=800% CPU usage on Catalina Spotlight calculator,https://www.reddit.com/r/mac/comments/iimizu/how_to_hit_800_cpu_usage_on_an_mbp_add_12/,18 points
Bootstrap Icons v1.0.0,https://blog.getbootstrap.com/2020/08/28/bootstrap-icons-stable/,58 points
"The Social Fabric of the U.S. Is Fraying Severely, If Not Unravelling",https://theintercept.com/2020/08/28/the-social-fabric-of-the-u-s-is-fraying-severely-if-not-unravelling/,76 points
We Replaced an SSD with Storage Class Memory,https://engineering.mongodb.com/post/we-replaced-an-ssd-with-storage-class-memory-here-is-what-we-learned,13 points
Shelley: macOS menu bar app that runs shell scripts upon authorized HTTP request,https://tyler.io/shelley/,25 points
Is Risk of Alzheimer’s Linked to Specific Sleep Patterns?,https://www.aan.com/PressRoom/Home/PressRelease/3813,6 points
Former Cisco engineer pleads guilty to causing Webex account chaos,https://www.zdnet.com/article/former-cisco-engineer-pleads-guilty-to-network-damage-wiping-16000-webex-teams-accounts/,20 points
No One Wants Your Used Clothes Anymore (2018),https://www.bloomberg.com/opinion/articles/2018-01-15/no-one-wants-your-used-clothes-anymore,3 points
"C++ Lightweight, cross-platform, HTML rendering engine for desktop apps",https://github.com/ultralight-ux/Ultralight,167 points
Pure and Applied Chess,https://theelectricagora.com/2020/08/28/pure-and-applied-chess/,33 points
Lynn Conway's Career Retrospective,https://ai.eecs.umich.edu/people/conway/RetrospectiveT.html,41 points
NSF grant changes raise alarm about commitment to basic research,https://www.nature.com/articles/d41586-020-02272-x,12 points
How to set up your child's environment for distance learning,https://www.modulo.app/all-resources/distancelearningenvironment,3 points
Genode OS Framework 20.08,https://genode.org/documentation/release-notes/20.08,9 points
Speaking Knots,https://soender.blog/Speaking-Knots/,36 points
Hopfield Networks Is All You Need,https://ml-jku.github.io/hopfield-layers/,11 points
Waymo Tests Autonomous Trucks in Texas,https://www.ttnews.com/articles/waymo-tests-autonomous-trucks-texas,110 points
Rust-Style Futures in C,https://axelforsman.tk/2020/08/24/rust-style-futures-in-c.html,22 points
Top Biofuel Crops,https://auto.howstuffworks.com/fuel-efficiency/biofuels/10-biofuel-crops.htm,15 points
The World of Legacy IT Systems,https://spectrum.ieee.org/computing/it/inside-hidden-world-legacy-it-systems,78 points
Fairphone users can buy new camera without replacing the phone itself,https://arstechnica.com/gadgets/2020/08/fairphone-is-offering-camera-hardware-upgrades-for-existing-phones/,14 points
Millions of Americans could lose their electricity as shutoff moratoriums expire,https://carbonswitch.co/energy-insecurity-and-covid-19,55 points
The Software Inflation Rate in 2020: 2.2%,https://capiche.com/e/software-inflation-rate-2020,10 points
A Modular Underscore.js,https://juliangonggrijp.com/article/introducing-modular-underscore.html,8 points
WhatsApp Schools in Lebanon,https://restofworld.org/2020/lebanon-schools-whatsapp-group/,5 points
Arizona DMV Sells Drivers' Photos and SSNs to Private Investigators,https://www.vice.com/en_us/article/pky8a8/dmv-mvd-sell-photo-ssn-private-investigators,189 points
Burning laptops and flooded homes: Courts find Amazon liable for faulty products,https://www.washingtonpost.com/technology/2020/08/29/amazon-product-liability-losses/,15 points
A bug in Windows 10 could be slowly wrecking your SSD,https://www.pcgamer.com/windows-10-bug-wrecking-ssd/,16 points
I got GPT-3 to predict the timeline of the pandemic,https://twitter.com/acapellascience/status/1285448694444089344,9 points
Conspiracy theories about Covid-19 vaccines may prevent herd immunity,https://www.economist.com/graphic-detail/2020/08/29/conspiracy-theories-about-covid-19-vaccines-may-prevent-herd-immunity,19 points
"Memers are making deepfakes, and things are getting weird",https://www.technologyreview.com/2020/08/28/1007746/ai-deepfakes-memes/,67 points
Reliable Robotics Makes History with First Flight of Autonomous Passenger Plane,https://www.businesswire.com/news/home/20200826005221/en/Reliable-Robotics-Aviation-History-Flights-Autonomous-Passenger,3 points
Google offers to help others with the tricky ethics of AI,https://arstechnica.com/tech-policy/2020/08/google-offers-to-help-others-with-the-tricky-ethics-of-ai/,31 points
Show HN: Speechtext.ai – Automated Transcription Service with Human Accuracy,https://speechtext.ai/,12 points
Real-time rendering of water caustics,https://medium.com/@martinRenou/real-time-rendering-of-water-caustics-59cda1d74aa,6 points
How Edge Detection in Images Works,https://blog.digitalbunker.dev/2020/08/28/how-does-edge-detection-work/,8 points
Stupidity can be a plus in corporations – but not in software development,https://jessitron.com/2020/08/29/stupidity/,4 points
Hackers for hire attack architecture firm via 3ds Max exploit,https://www.bleepingcomputer.com/news/security/hackers-for-hire-attack-architecture-firm-via-3ds-max-exploit/,3 points
Tesla Introduced a Business Model the World Has Not Seen Before,https://cleantechnica.com/2020/08/29/tesla-introduced-a-business-model-the-world-has-not-seen-before/,4 points
Why does the government let a company like Herbalife stay in business?,https://www.latimes.com/business/story/2020-08-28/herbalife-lawbreaking-companies,79 points
Complexity Is the Enemy,http://neugierig.org/software/blog/2011/04/complexity.html,10 points
TikTok’s format is a red herring – why Instagram can't recreate their magic,https://divinations.substack.com/p/instagram-cant-recreate-tiktoks-magic,5 points
Interview with TikTok Deep Faker Jesse Richards,https://blog.paperspace.com/getting-real-with-deepfake-artist-jesse-richards/,8 points
Gradio – GUIs for Faster ML Prototyping and Sharing,http://gradio.app,6 points
YouTube choose you own adventure for young kids,https://observablehq.com/@tomlarkworthy/story-tube-help-the-sad-king,9 points
Notes on RSI for Developers Who Don't Have It (Yet),https://www.swyx.io/writing/rsi-tips/,3 points
Optimized shot-based encodes for 4K,https://netflixtechblog.com/optimized-shot-based-encodes-for-4k-now-streaming-47b516b10bbb,7 points
A collection of resources on wait-free and lock-free programming,https://github.com/rigtorp/awesome-lockfree,9 points
Ball Lightning,https://en.wikipedia.org/wiki/Ball_lightning,5 points
Advanced Operating Systems COMP9242 2020/T2,https://www.cse.unsw.edu.au/~cs9242/20/lectures.shtml,5 points
Twitter Banned Unity2020 – A New Movement,https://twitter.com/BretWeinstein/status/1299212779233001472,7 points
Apple to start requiring written consent for third party API usage in apps,https://9to5mac.com/2020/08/27/apple-rejects-watch-for-tesla-app-as-it-starts-requiring-written-consent-for-third-party-api-use/,85 points
"Court: No, You May Not Force Your Way into a Home and Strip Search Six Children",https://www.techdirt.com/articles/20200825/21321545185/federal-court-no-you-fucking-may-not-force-your-way-into-home-strip-search-six-very-young-children.shtml,53 points
Gleam v0.11 Released,https://lpil.uk/blog/gleam-v0.11-released/,13 points
Google adding “Fast page” label to Chrome browser,https://www.coywolf.news/seo/google-adding-fast-page-label-to-chrome-browser/,8 points
Cells solve mazes and respond at a distance using attractant breakdown,https://science.sciencemag.org/content/369/6507/eaay9792,9 points
Show HN: Own Private Online CV Website,https://kwickbox.cloud,25 points
Finnish Education Chief: 'We Created a School System Based on Equality' (2014),https://www.theatlantic.com/education/archive/2014/03/finnish-education-chief-we-created-a-school-system-based-on-equality/284427/,12 points
Otto Aviation Officially Introduces Celera 500L “Bullet Plane”,https://www.avweb.com/aviation-news/business-aviation-news/otto-aviation-officially-introduces-the-celera-500l/,6 points
Colon and rectal cancer cases are going up among people younger than age 50,https://www.cnn.com/2020/08/29/health/colon-cancer-cases-growing-younger-people/index.html,23 points
COBOL Still Handles 70% of Global Business Transactions,https://www.nextbigfuture.com/2020/08/cobol-still-handles-70-of-global-business-transactions.html,23 points
Google performed the first quantum simulation of a chemical reaction,https://www.newscientist.com/article/2253089-google-performed-the-first-quantum-simulation-of-a-chemical-reaction/,19 points
Quantitatively estimate the COVID risk to you from ordinary daily activities,http://microcovid.org,10 points
Angular Strict Mode,https://blog.angular.io/angular-cli-strict-mode-c94ba5965f63,7 points
Ask HN: What is the best way to get started with D3?,item?id=24306757,18 points
The Rise of Mohammed Bin Salman,https://www.wsj.com/articles/inside-the-rise-of-mohammed-bin-salman-11597931772,5 points
Joint NBA and NBPA Statement,https://pr.nba.com/joint-nba-and-nbpa-statement/,6 points
Best Consumer Hard Drives: August 2020,https://www.anandtech.com/show/12075/best-consumer-hdds,39 points
Why 'Ditch the algorithm' is the future of political protest,https://www.theguardian.com/commentisfree/2020/aug/19/ditch-the-algorithm-generation-students-a-levels-politics,4 points
Why Evangelicals voted for Trump: religious persecution,https://www.nytimes.com/2020/08/09/us/evangelicals-trump-christianity.html,7 points
Too many AI researchers think real-world problems are not relevant,https://www.technologyreview.com/2020/08/18/1007196/ai-research-machine-learning-applications-problems-opinion/,14 points
Graphtage: A New Semantic Diffing Tool,https://blog.trailofbits.com/2020/08/28/graphtage/,52 points
Show HN: PayPal emailed me today about 2001 request,item?id=24304899,16 points
ML “Recipes” & Analytics for B2B Sales and Marketing,https://blog.qflow.ai/post/what-is-qflow-ai-and-why/,5 points
Meso-computing and meso-data: the forgotten middle,https://milliams.com/posts/2020/mesocomputing/,9 points
Show HN: Stream Torrent from Yours Browser,http://popcorntime.tube,9 points
"Over 54,000 scanned Australian driver's licences found in open cloud storage",https://www.itnews.com.au/news/over-54000-scanned-nsw-drivers-licences-found-in-open-cloud-storage-552544,32 points
The coming collision between autonomous vehicles and the liability system (2012) [pdf],https://pdfs.semanticscholar.org/88c1/11a1d16a44ff3adc681e966926e101067ae1.pdf,33 points
Belarusian Officials Shut Down Internet with Technology Made by U.S. Firm,https://www.bloomberg.com/news/articles/2020-08-28/belarusian-officials-shut-down-internet-with-technology-made-by-u-s-firm,32 points
Neuralink Demo Livestream,https://youtu.be/DVvmgjBL74w,21 points
Monorepos,https://vercel.com/blog/monorepos,4 points
On Functional Decision Theory,https://www.umsu.de/wo/2018/688,5 points
Study: Are Election 2020 Poll Respondents Honest About Their Vote?,https://www.cloudresearch.com/resources/blog/election-2020-poll-respondent-honesty/,5 points
(Visualization)What caused 1 Million U.S. wildfires over the last 30 years?,http://wildfire.kyrixdemo.live/,14 points
Ask HN: How do you learn a new language as fast as possible?,item?id=24325271,3 points
Using deep learning to detect coronary artery disease based on facial photo,https://academic.oup.com/eurheartj/advance-article/doi/10.1093/eurheartj/ehaa640/5895010,9 points
Most common mistakes during interviews,https://aitorvs.github.io/post/most_common_mistakes_during_interviews/,78 points
Terra Preta,https://en.wikipedia.org/wiki/Terra_preta,6 points
Chrome is not the new IE,https://threadreaderapp.com/thread/1299136717027336192,59 points
Show HN: Tool for Automating SQL Transforms,item?id=24307677,4 points
Theoretical vs. practical cryptography in the (Linux) kernel,https://lwn.net/Articles/828705/,4 points
Coronavirus is most deadly if you are older and male – new data reveal the risks,https://www.nature.com/articles/d41586-020-02483-2,114 points
Rejected from an interview because first name is too short for internal IT,https://www.linkedin.com/posts/jpatel712_seekingemployment-searchingjob-what-activity-6705265158039728128-bZ8X,10 points
Feline coronavirus drugs inhibit SARS-CoV-2 main protease,https://www.nature.com/articles/s41467-020-18096-2,12 points
Tell HN: A Thanks to the Mods,item?id=24311183,29 points
Clojure from the Ground Up: Polymorphism,https://aphyr.com/posts/352-clojure-from-the-ground-up-polymorphism,4 points
"I Self-Published Zero to Sold, a Bestselling Book on Bootstrapping",https://thebootstrappedfounder.com/how-i-self-published-zero-to-sold-a-bestselling-book-on-bootstrapping/,46 points
Ask HN: How to spend your day when you are searching for the next idea?,item?id=24309862,15 points
"Deepfake pornography, with videos of popular actresses having millions of views",https://www.wired.co.uk/article/deepfake-porn-websites-videos-law,24 points
Understand HTTP3 in 5 Minutes,https://www.jesuisundev.com/en/understand-http3-in-5-minutes,17 points
What Windows 95 Changed,https://anildash.com/2020/08/25/what-windows-95-changed/,6 points
Japanese doctor who lived to 105 – his longevity tips,https://www.cnbc.com/2020/08/26/japanese-doctor-lived-to-105-spartan-diet-retirement-views-rare-longevity-tips.html,9 points
Locals rediscover resorts absent of foreign tourists,https://www.theguardian.com/world/2020/aug/28/europe-holiday-resorts-foreign-tourists-magaluf-staycationers,15 points
Facebook says Apple rejected its attempt to tell users about App Store fees,https://www.reuters.com/article/us-facebook-apple-exclusive-idUSKBN25O042,5 points
Energy firm nuclear-waste fueled diamond batteries could last thousands of years,https://techxplore.com/news/2020-08-energy-firm-nuclear-waste-fueled-diamond.html,4 points
Ask HN: Favorite hack for determining a market?,item?id=24308652,17 points
Ask HN: Should I sell equity in a past startup on the private market?,item?id=24303554,8 points
"Neuralink Progress Update, Summer 2020",https://www.youtube.com/watch?v=DVvmgjBL74w,17 points
Neuralink implant will require drilling into skull,https://twitter.com/wongmjane/status/1299480759464415232,9 points
Fusion Power Breakthrough: New Method for Eliminating Damaging Heat Bursts,https://scitechdaily.com/fusion-power-breakthrough-new-method-for-eliminating-damaging-heat-bursts-in-toroidal-tokamaks/,3 points
"Exxon Mobil dropped from the Dow after 92 years, replaced by a software stock",https://www.chron.com/news/houston-texas/article/Exxon-Mobil-dropped-from-the-Dow-after-92-years-15512970.php,15 points
People,https://patrickcollison.com/people,35 points
Curiosity rover spots dust devil on Mars,https://www.space.com/mars-dust-devil-curiosity-rover.html,3 points
"U.S. Tech Stocks Are Now Worth Over $9T, Eclipsing Entire European Stock Market",https://www.forbes.com/sites/sergeiklebnikov/2020/08/28/us-tech-stocks-are-now-worth-more-than-9-trillion-eclipsing-the-entire-european-stock-market,17 points
Neuralink Update [video],https://m.youtube.com/watch?feature=youtu.be&v=DVvmgjBL74w,7 points
Microsoft Flight Simulator players observed Hurricane Laura in real-time,https://www.washingtonpost.com/video-games/2020/08/27/would-be-stormchasers-microsoft-flight-simulator-observed-hurricane-laura-real-time/,12 points
Your Coronavirus Test Is Positive. Maybe It Shouldn't Be,https://www.nytimes.com/2020/08/29/health/coronavirus-testing.html,14 points
They Know How to Prevent Megafires. Why Won’t Anybody Listen?,https://www.propublica.org/article/they-know-how-to-prevent-megafires-why-wont-anybody-listen,6 points
The Big Tesla Hack: A hacker gained control over the entire fleet,https://electrek.co/2020/08/27/tesla-hack-control-over-entire-fleet/,10 points
"As Child Covid Cases Rise, Doctors Watch for Potential Long-Term Effects",https://www.wsj.com/articles/as-child-covid-cases-rise-doctors-watch-for-potential-long-term-effects-11598289636,3 points
China’s Dangerous Taiwan Temptation,https://www.brookings.edu/blog/order-from-chaos/2020/08/20/chinas-dangerous-taiwan-temptation/,15 points
Painkillers such as aspirin 'do more harm than good' for chronic primary pain,https://www.theguardian.com/society/2020/aug/03/painkillers-such-as-aspirin-do-more-harm-than-good-for-chronic-pain,6 points
U.S. tech stocks are now worth more than the entire European stock market,https://www.cnbc.com/2020/08/28/us-tech-stocks-are-now-worth-more-than-the-entire-european-stock-market.html,100 points
Neuralink project update summer 2020,https://m.youtube.com/watch?feature=youtu.be&v=DVvmgjBL74w,8 points
Children with no Covid-19 symptoms may shed virus for weeks,https://www.eurekalert.org/pub_releases/2020-08/cnh-cwn081920.php,14 points
Neuralink Progress Update,https://youtube.com/watch?v=DVvmgjBL74w,7 points
"D.C. sues Instacart, alleging ‘deceptive’ service fees and unpaid sales taxes",https://www.washingtonpost.com/local/legal-issues/instacart-lawsuit--racine/2020/08/27/937f0632-e8b2-11ea-97e0-94d2e46e759b_story.html,7 points
Surprising results from one of the earliest Covid-19 surveys,https://blog.thomvest.com/surprising-results-from-one-of-the-earliest-covid-19-surveys-a9fefedc4dd4,5 points
Failure by WHO team to visit Wuhan sparks concerns over virus probe,https://www.ft.com/content/f9dea077-66fb-4734-9d1d-076dc93568e1,38 points
Apple Suspends Fortnite Maker Epic Games’ App Store Account,https://www.cnbc.com/2020/08/28/apple-suspends-fortnite-maker-epic-games-app-store-account.html,7 points
Apple rejects Facebook app that says Apple takes 30% cut,https://www.cnbc.com/2020/08/28/apple-rejects-facebook-app-that-says-apple-takes-30percent-cut.html,5 points
Covid-19 is becoming less deadly in Europe but we don't know why,https://www.newscientist.com/article/2252699-covid-19-is-becoming-less-deadly-in-europe-but-we-dont-know-why/,19 points
Anxious? Dealing with Stress as a Founder,item?id=24302833,10 points
Tesla with Autopilot hits cop car–driver admits he was watching a movie,https://arstechnica.com/cars/2020/08/movie-watching-tesla-driver-charged-after-autopilot-hits-cop-car/,13 points
DOJ Aims to Seize 280 Cryptocurrency Accounts Used by Hackers,https://threatpost.com/doj-aims-to-seize-280-cryptocurrency-accounts-used-by-hackers/158757/,8 points
Pick's Theorem,https://en.wikipedia.org/wiki/Pick%27s_theorem,4 points
NASA has patented a new route to the moon,https://twitter.com/GazEtc/status/1298979254244261890,9 points
"SpaceX satellites’ effect on night sky can’t be eliminated, astronomers say",https://arstechnica.com/science/2020/08/spacex-satellites-effect-on-night-sky-cant-be-eliminated-astronomers-say/,7 points
Ask HN: What is the oldest code in production that you still use?,item?id=24313179,6 points
The US Is Going into Hyperinflation,https://seekingalpha.com/article/4371490-united-states-is-going-hyperinflation,15 points
YBC 7289,https://en.wikipedia.org/wiki/YBC_7289,10 points
The Average New Car Loan Is Now over 70 Months,https://jalopnik.com/the-average-new-car-loan-is-now-over-70-months-because-1842624210,25 points
Ask HN: Best Graphics libraries to build CAD solutions?,item?id=24304484,11 points
90-Day Plan Turns Engineers into Remarkable Managers,https://firstround.com/review/this-90-day-plan-turns-engineers-into-remarkable-managers/,10 points
Ask HN: What is the fastest distro to boot Raspberry Pi in full screen Chromium?,item?id=24300791,8 points
"“What if when your mind wanders, an implant prods you back to the task at hand?”",https://www.nytimes.com/2020/08/28/opinion/brain-machine-artificial-intelligence.html,9 points
Apple rejects Facebook app that tells users Apple takes 30% cut,https://www.cnbc.com/2020/08/28/apple-rejects-facebook-app-that-says-apple-takes-30percent-cut.html,13 points
A bug in Windows 10 could be slowly wrecking your SSD,https://www.pcgamer.com/windows-10-bug-wrecking-ssd/,13 points
Chadwick Boseman has died at 43,https://www.theguardian.com/film/2020/aug/29/chadwick-boseman-obituary,22 points
New Thinking on Covid Lockdowns: They’re Overly Blunt and Costly,https://www.wsj.com/articles/covid-lockdowns-economy-pandemic-recession-business-shutdown-sweden-coronavirus-11598281419,8 points
70% of Indie game developers are not making enough money to cover Living Costs,https://www.reddit.com/r/gamedev/comments/ii4reu/jake_birkett_70_of_indies_are_not_making_enough/,6 points
Gmail blocks access to custom “webview/browsers”,https://i.imgur.com/WwuOOUG.mp4,11 points
Ask HN: EU) Moving UK Company to Ireland?,item?id=24308832,11 points
The case for making low-tech 'dumb' cities instead of 'smart' ones,https://www.theguardian.com/cities/2020/jan/15/the-case-for-making-low-tech-dumb-cities-instead-of-smart-ones,6 points
"GUI's still the pinnacle of productivity, let's help them out",item?id=24307982,5 points
Microsoft Edge Just Dropped These Brilliant New Features to Beat Chrome,https://www.forbes.com/sites/kateoflahertyuk/2020/08/29/microsoft-edge-just-dropped-these-brilliant-new-features-to-beat-chrome/,10 points
K Community Showcase,https://twitter.com/kcodetweets/status/1291967097493364738,6 points
The Multi-Billion Dollar Industry That Makes Its Living from Your Data,https://www.visualcapitalist.com/personal-data-ecosystem/,4 points
If I could teach my younger programmer self a few things...,https://medium.com/@iluga/i-wish-i-knew-this-when-i-began-programming-7381b576c699,4 points
Elon Musk’s Neuralink is neuroscience theater,https://www.technologyreview.com/2020/08/30/1007786/elon-musks-neuralink-demo-update-neuroscience-theater/,3 points
Google’s Plan to Disrupt the College Degree Is Exactly What the Market Needs,https://fee.org/articles/google-s-plan-to-disrupt-the-college-degree-is-exactly-what-the-higher-education-market-needs/,7 points
Roku Built Itself into a Major Gatekeeper in Premium Streaming,https://variety.com/2020/digital/features/roku-premium-streaming-1234748507/,5 points
Ask HN: Open-source auth0/octa alternative?,item?id=24306029,10 points
Converting boolean-logic decision trees to finite state machines,https://medium.com/analytics-vidhya/converting-boolean-logic-decision-trees-to-finite-state-machines-180ad195abf2,5 points
RISC-V’s Expanding Footprint,https://semiengineering.com/where-risc-v-is-gaining-traction/,10 points
Power Grids Aren’t Evolving Fast Enough for Global Warming,https://www.bloomberg.com/opinion/articles/2020-08-27/california-blackouts-climate-change-is-outpacing-the-power-grid,4 points
What Happens When You Don’t Shower for Five Years,https://www.sciencefriday.com/articles/book-showering/,6 points
Neuralink Summer 2020 Progress Livestream,https://www.youtube.com/watch?v=DVvmgjBL74w&feature=youtu.be,5 points
"Bizarre Notifications Pop Up on Android Phones, Was a Hacker to Blame?",https://www.forbes.com/sites/leemathews/2020/08/28/android-fcm-messages-hacker-notifications/#30ee4ec81695,3 points
Neuralink product demo webcast (3pm PST),https://twitter.com/elonmusk/status/1299422822205452288,4 points
Qore is an interpreted programming language with no GIL,https://en.wikipedia.org/wiki/Qore_(programming_language),4 points
Ask HN: Is there any serious discussion about the stock market online?,item?id=24303571,9 points
Tesla Blown Away as Renault Dominates Europe’s July EV Sales Party,https://www.forbes.com/sites/michaeltaylor/2020/08/27/tesla-blown-away-as-renault-dominates-europes-july-ev-sales-party/,45 points
"Has to Be a Joke, Because If It’s Not",https://alhambrapartners.com/2020/08/27/this-has-to-be-a-joke-because-if-its-not/,34 points
"Today’s Webcams Are Boring, So I Brought Back a Classic",https://onezero.medium.com/todays-webcams-are-boring-so-i-brought-back-a-classic-291cc7c94c76,4 points
SF plans payroll tax on RSUs,https://www.sfchronicle.com/politics/article/Another-business-tax-heads-to-SF-s-November-15345208.php,4 points
Relying on plain-text email is a 'barrier to entry' for kernel development,https://www.theregister.com/2020/08/25/linux_kernel_email/,3 points
Will This Old Financial Tool Transform Tech Investing?,https://www.nytimes.com/2020/08/28/opinion/SPAC-tech-investing.html,6 points
Ask HN: Which communities or social media sites do you run?,item?id=24320685,8 points
NASA just announced in a blog post that SLS will cost 30% more,https://arstechnica.com/science/2020/08/nasa-just-announced-in-a-blog-post-that-sls-will-cost-30-more/,5 points
Facebook’s Ties to India’s Ruling Party Complicate Its Fight Against Hate Speech,https://time.com/5883993/india-facebook-hate-speech-bjp/,5 points
China Intervenes in TikTok Deal,https://www.thurrott.com/cloud/239689/china-intervenes-in-tiktok-deal,8 points
Review of the Remarkable 2 e-reader,https://www.theverge.com/21403489/remarkable-2-e-ink-paper-tablet-review,3 points
"For two years, a handful of websites have hacked thousands of iPhones",https://www.wired.com/story/ios-attack-watering-hole-project-zero/,3 points
Watch a tiny robot powered by alcohol,https://hackaday.com/2020/08/26/tiny-robot-beetle-runs-on-alcohol/,4 points
Linux containers – a technical introduction (2015),https://youtu.be/8X2fUFLKJro,8 points
The Mathematics of Mind-Time,https://aeon.co/essays/consciousness-is-not-a-thing-but-a-process-of-inference,3 points
Mark Zuckerberg says Kenosha Guard rulings were ‘an operational mistake’,https://www.theverge.com/2020/8/28/21405790/zuckerberg-kenosha-guard-killing-kyle-rittenhouse-facebook-moderation,5 points
How to Pre-Sell a Product That Does Not yet Exist,https://capitalandgrowth.org/answers/2980792/How-can-we-pre-sale-a-product-that-doesn-t-yet-exist,5 points
Kotlin for Apache Spark Preview,https://blog.jetbrains.com/kotlin/2020/08/introducing-kotlin-for-apache-spark-preview/,7 points
Nevada lab confirms first coronavirus reinfection in the US,https://abcnews.go.com/Health/nevada-lab-confirms-1st-coronavirus-reinfection-us/story?id=72691353,3 points
Why CSS:before content doesn’t work on inputs and images,https://webplatform.news/issues/2020-08-26,5 points
Show HN: Outdoor standing desk that goes on a tree,https://www.indiegogo.com/projects/tree-table,8 points
"Ask HN: How many of you are employed, self-taught SWEs?",item?id=24325548,61 points
Law school graduates in Florida say bar test software compromised computers,https://abcnews.go.com/US/law-school-graduates-florida-bar-test-software-compromised/story?id=72595442&cid=social_twitter_abcn,3 points
Virus-Like “Jumping” DNA Regulates Human Neurons,https://scitechdaily.com/virus-like-jumping-dna-regulates-human-neurons/,3 points
Thin-skinned solar panels printed with inkjet,https://phys.org/news/2020-08-thin-skinned-solar-panels-inkjet.html,5 points
Renewables Can't Power Modern Civilization Because They Were Never Meant To,https://www.forbes.com/sites/michaelshellenberger/2019/05/06/the-reason-renewables-cant-power-modern-civilization-is-because-they-were-never-meant-to/,3 points
Banksy funds refugee rescue boat operating in Mediterranean,https://www.theguardian.com/world/2020/aug/27/banksy-funds-refugee-rescue-boat-operating-in-mediterranean,4 points
Pandemic Making College Students Question the Price of Their Education,https://www.wsj.com/articles/the-coronavirus-pandemic-is-making-college-students-question-the-price-of-their-education-11598619781,11 points
The Firefox Browser is a privacy nightmare on desktop and mobile,https://www.privateinternetaccess.com/blog/the-firefox-browser-is-a-privacy-nightmare-on-desktop-and-mobile/,6 points
Scientists Created AI to Analyze People's Dreams on a Scale,https://www.vice.com/en_us/article/v7gn7x/scientists-created-ai-to-analyze-peoples-dreams-on-a-massive-scale,4 points
'Stop Hiding Behind Your Platform:' Sweden Welcomes Amazon with Scathing Letter,https://www.vice.com/en_us/article/y3z43k/stop-hiding-behind-your-platform-sweden-welcomes-amazon-with-scathing-letter,3 points
New Zealand's exchange (NZX) down for fourth day after cyber attacks,https://www.cnbc.com/2020/08/28/new-zealands-exchange-nzx-down-for-fourth-day-after-cyber-attacks.html,3 points
The 6-foot rule is 'outdated': Researchers devise chart to gauge Covid risk,https://www.sfgate.com/science/article/The-6-foot-rule-is-outdated-Researchers-devise-15520286.php,4 points
The tech industry is culpable for Trump,https://werd.io/2020/the-tech-industry-is-culpable-for-trump,10 points
Ask HN: What resource do you recommend to start with Test Driven Development?,item?id=24302234,11 points
‘Surge Capacity’ Is Depleted – It’s Why You Feel Awful,https://elemental.medium.com/your-surge-capacity-is-depleted-it-s-why-you-feel-awful-de285d542f4c,67 points
How did Covid show up in the bathroom of a long-vacant apartment,https://www.cbsnews.com/news/coronavirus-china-toilet-how-covid-showed-up-in-bathroom-long-vacant-apartment-what-it-means/,3 points
Rats nest:Visiting researcher from China at UCLA is arrested,https://www.msn.com/en-us/news/world/visiting-researcher-at-ucla-is-arrested-and-charged-with-destroying-evidence/ar-BB18ungt,6 points
Covid-19 antibodies found in 6% of England's populace,https://www.gov.uk/government/publications/react-2-study-of-coronavirus-antibodies-june-2020-results/react-2-real-time-assessment-of-community-transmission-prevalence-of-coronavirus-covid-19-antibodies-in-june-2020,4 points
Russian tourist offered employee $1M to cripple Tesla with malware,https://arstechnica.com/information-technology/2020/08/russian-tourist-offered-employee-1-million-to-cripple-tesla-with-malware/,12 points
Cloudflare is experiencing failures in its connections to hosts,https://www.cloudflarestatus.com/incidents/hptvkprkvp23,268 points
Russian tourist offered employee $1M to cripple Tesla with malware,"https://arstechnica.com/information-technology/2020/08/russian-tourist-offered-employee-1-million-to-cripple-tesla-with-malware/#:~:text=%E2%80%9CThe%20purpose%20of%20the%20conspiracy,the%20coconspirators%27%20ransom%20demand%2C%E2%80%9D",4 points
Neuralink: Elon Musk unveils pig he claims has computer implant in brain,https://www.theguardian.com/technology/2020/aug/28/neuralink-elon-musk-pig-computer-implant,6 points
A New Era of Coronavirus Testing Is About to Begin in the US,https://www.theatlantic.com/science/archive/2020/08/abbott-covid-19-rapid-tests-trump/615826/,5 points
Not the 'Beowulf' You Think You Know,https://www.npr.org/2020/08/27/906423831/bro-this-is-not-the-beowulf-you-think-you-know,36 points
Elon Musk demonstrates Neuralink’s tech live using pigs,https://techcrunch.com/2020/08/28/elon-musk-demonstrates-neuralinks-tech-live-using-pigs-with-surgically-implanted-brain-monitoring-devices/,5 points
Elon Musk’s Neuralink: Brain-machine interface,https://www.vox.com/recode/2020/8/28/21404802/elon-musk-neuralink-brain-machine-interface-research,3 points
Watch Elon Musk's Neuralink Reveal,https://www.engadget.com/neuralink-bmi-livestream-214856853.html,3 points
Russian tourist offered employee $1M to cripple Tesla with malware,https://arstechnica.com/?p=1701893,5 points
Show HN: I crafted a bust of Elon Musk from concrete,https://www.reddit.com/r/elonmusk/comments/ihsbsp/i_crafted_a_bust_of_elon_musk_from_concrete/,3 points
Google is apparently taking down all/most fediverse apps from the Play Store,https://mathstodon.xyz/web/statuses/104765289307010207,106 points
Pinterest pays $89.5M to terminate San Francisco office lease,https://www.sfgate.com/business/article/Pinterest-terminate-SF-office-lease-88-Bluxome-15525421.php,12 points
Facebook says Apple blocked it from informing about App Store 30% fee,"https://www.nasdaq.com/articles/facebook-says-apple-blocked-it-from-informing-about-app-store-30-fee-2020-08-28#:~:text=Facebook%20Says%20Apple%20Blocked%20It%20From%20Informing%20About%20App%20Store%2030%25%20Fee,-Contributor&text=Facebook%20(NASDAQ%3A%20FB)%20is,to%20impart%20to%20its%20users.&text=According%20to%20Facebook%2C%20it%20asked,Image%20source%3A%20Getty%20Images.",113 points
Apple Removes Epic Games Account from App Store,https://nintendosmash.com/apple-removes-epic-games-account-from-app-store-will-not-affect-unreal-engine-support/,140 points
Apple blocked Facebook's attempt to tell users about 30% App Store 'tax',https://www.cnet.com/news/apple-blocked-facebooks-attempt-to-tell-users-about-30-app-store-tax/,123 points
This Is What Your Unsolicited Advice Sounds Like,https://www.newyorker.com/humor/daily-shouts/this-is-what-your-unsolicited-advice-sounds-like,68 points
"Actor Chadwick Boseman, star of “Black Panther,” dies at 43",https://abcnews.go.com/Entertainment/actor-chadwick-boseman-star-black-panther-dies-43/story?id=72695412&ocid=uxbndlbing,30 points
Chadwick Boseman Has Died,https://variety.com/2020/film/news/chadwick-boseman-dead-dies-black-panther-1234753232/,11 points
Prime Minister Abe Shinzo Intends to Step Down,https://www3.nhk.or.jp/nhkworld/en/news/20200828_28/,68 points
China Built a Vast New Infrastructure to Imprison Uighurs,https://www.buzzfeednews.com/article/meghara/china-new-internment-camps-xinjiang-uighurs-muslims,421 points
